numbers,key
1-5,key
6-10,key
11-15,key
16-20,key
21-25,key
26-30,key
31-35,key
36-40,key
41-45,key
46-50,key
51-55,key
56-60,key
61-65,key
66-70,key
71-75,key
76-80,key
81-85,key
86-90,key
91-95,key
96-100,key
101-105,key
106-110,key
111-115,key
116-120,key
121-125,key
126-130,key
131-135,key
136-140,key
141-145,key
146-150,key
151-155,key
156-160,key
161-165,key
166-170,key
171-175,key
176-180,key
181-185,key
186-190,key
191-195,key
196-200,key
201-205,key
206-210,key
211-215,key
216-220,key
221-225,key
226-230,key
231-235,key
236-240,key
241-245,key
246-250,key
251-255,key
256-260,key
261-265,key
266-270,key
271-275,key
276-280,key
281-285,key
286-290,key
291-295,key
296-300,key
301-305,key
